model,accuracy,precision,recall,f1
Stacking (FE),0.56,0.0,0.0,0.0
LightGBM (FE),0.54,0.4722222222222222,0.38636363636363635,0.425
CatBoost (FE),0.54,0.4642857142857143,0.29545454545454547,0.3611111111111111
ExtraTrees (FE),0.53,0.44,0.25,0.3188405797101449
XGBoost (FE),0.52,0.4444444444444444,0.36363636363636365,0.4
HistGBM (FE),0.51,0.43243243243243246,0.36363636363636365,0.3950617283950617
